csat_id,cliente_id,canal_id,fecha_id,score_csat,motivo,resuelto,tiempo_min
1,16,3,20250511,4,Bloqueo tarjeta,1,36
2,138,3,20250225,5,Inversiones,1,35
3,181,2,20250415,3,Inversiones,1,17
4,434,3,20250605,5,Inversiones,0,16
5,479,4,20250218,5,Bloqueo tarjeta,1,12
6,96,3,20250303,5,Cuenta nueva,1,32
7,88,2,20250211,5,Reclamo,0,16
8,352,1,20250608,4,Cuenta nueva,1,34
9,14,3,20250118,4,Otro,1,26
10,250,1,20250511,4,Inversiones,0,16
11,450,1,20250107,4,Bloqueo tarjeta,0,9
12,268,2,20250420,1,Cuenta nueva,1,19
13,158,3,20250103,3,Bloqueo tarjeta,1,31
14,111,3,20250111,3,Transferencias,1,15
15,50,3,20250416,5,Crédito,0,30
16,488,1,20250302,4,Transferencias,1,43
17,19,4,20250110,5,Cuenta nueva,1,26
18,303,4,20250517,2,Otro,1,40
19,140,1,20250627,4,Cuenta nueva,1,34
20,84,4,20250518,4,Transferencias,0,37
21,396,1,20250414,4,Reclamo,0,30
22,71,1,20250515,5,Otro,1,34
23,324,4,20250324,3,Cuenta nueva,1,29
24,431,4,20250326,5,Inversiones,1,10
25,43,2,20250331,2,Reclamo,0,3
26,80,1,20250228,1,Inversiones,1,16
27,122,4,20250521,2,Transferencias,1,9
28,166,1,20250328,3,Cuenta nueva,1,35
29,94,2,20250221,4,Bloqueo tarjeta,1,20
30,318,2,20250517,4,Otro,1,16
31,369,4,20250415,5,Inversiones,1,11
32,379,1,20250601,5,Transferencias,0,20
33,89,2,20250203,5,Bloqueo tarjeta,1,14
34,431,1,20250105,3,Consulta saldo,1,41
35,47,1,20250102,1,Crédito,1,33
36,13,3,20250207,4,Transferencias,0,27
37,403,1,20250523,4,Transferencias,0,32
38,288,1,20250411,5,Inversiones,1,26
39,73,2,20250228,1,Bloqueo tarjeta,1,44
40,124,2,20250615,5,Bloqueo tarjeta,1,37
41,241,2,20250223,2,Transferencias,1,45
42,112,2,20250207,5,Transferencias,0,3
43,291,1,20250306,4,Crédito,0,12
44,438,2,20250124,4,Bloqueo tarjeta,1,17
45,167,1,20250518,5,Cuenta nueva,1,17
46,285,4,20250528,3,Inversiones,1,9
47,452,2,20250424,5,Otro,1,27
48,134,4,20250308,4,Inversiones,1,33
49,229,3,20250523,3,Otro,1,38
50,127,1,20250215,2,Otro,0,33
51,419,1,20250604,5,Cuenta nueva,1,37
52,346,1,20250508,1,Bloqueo tarjeta,1,25
53,281,3,20250424,5,Crédito,1,4
54,482,2,20250325,4,Otro,1,34
55,379,1,20250515,3,Cuenta nueva,1,24
56,32,2,20250208,4,Consulta saldo,1,19
57,418,4,20250308,5,Cuenta nueva,1,6
58,447,4,20250327,5,Bloqueo tarjeta,1,11
59,483,1,20250619,5,Cuenta nueva,1,7
60,377,2,20250307,5,Crédito,1,14
61,108,2,20250119,4,Otro,1,9
62,78,1,20250213,3,Bloqueo tarjeta,1,9
63,239,3,20250630,4,Transferencias,1,40
64,207,1,20250622,2,Bloqueo tarjeta,1,13
65,70,2,20250104,1,Cuenta nueva,1,35
66,383,1,20250430,5,Crédito,1,38
67,7,2,20250214,3,Transferencias,1,44
68,402,2,20250325,3,Inversiones,1,7
69,321,3,20250301,5,Transferencias,0,2
70,306,1,20250522,3,Inversiones,1,3
71,496,3,20250507,4,Cuenta nueva,1,6
72,110,2,20250624,5,Cuenta nueva,1,39
73,497,1,20250427,2,Otro,1,19
74,277,4,20250214,4,Cuenta nueva,1,10
75,455,1,20250228,5,Transferencias,1,32
76,246,1,20250114,4,Crédito,1,19
77,369,2,20250106,2,Bloqueo tarjeta,1,39
78,145,1,20250114,2,Bloqueo tarjeta,1,18
79,4,4,20250227,5,Crédito,1,20
80,186,1,20250108,1,Reclamo,0,38
81,158,1,20250615,5,Bloqueo tarjeta,1,39
82,218,4,20250625,4,Transferencias,0,18
83,129,1,20250427,5,Otro,1,9
84,402,1,20250118,2,Bloqueo tarjeta,1,3
85,231,2,20250626,3,Reclamo,1,7
86,7,2,20250406,1,Bloqueo tarjeta,0,44
87,445,1,20250315,4,Bloqueo tarjeta,0,5
88,232,1,20250403,1,Bloqueo tarjeta,1,31
89,417,1,20250608,5,Inversiones,1,35
90,90,1,20250316,5,Bloqueo tarjeta,1,3
91,441,2,20250119,4,Cuenta nueva,1,29
92,288,2,20250509,3,Consulta saldo,1,44
93,471,2,20250220,5,Otro,0,29
94,300,3,20250414,2,Bloqueo tarjeta,1,10
95,137,2,20250628,1,Reclamo,1,8
96,387,1,20250331,4,Bloqueo tarjeta,0,5
97,468,2,20250419,4,Inversiones,1,43
98,283,1,20250319,5,Bloqueo tarjeta,0,38
99,294,3,20250628,5,Consulta saldo,1,44
100,131,1,20250603,3,Consulta saldo,0,21
101,468,2,20250627,4,Reclamo,0,35
102,238,1,20250421,2,Otro,1,28
103,211,2,20250420,4,Reclamo,0,11
104,246,1,20250216,1,Inversiones,1,13
105,496,1,20250314,5,Inversiones,1,9
106,422,3,20250515,2,Inversiones,1,29
107,264,1,20250605,4,Otro,0,36
108,82,1,20250204,2,Consulta saldo,1,44
109,480,1,20250609,5,Bloqueo tarjeta,1,45
110,259,2,20250625,4,Otro,0,9
111,276,4,20250115,5,Inversiones,0,34
112,280,3,20250127,2,Reclamo,0,21
113,485,1,20250505,2,Cuenta nueva,1,16
114,478,4,20250515,4,Consulta saldo,1,5
115,164,2,20250109,4,Otro,1,13
116,207,2,20250213,4,Bloqueo tarjeta,0,44
117,346,1,20250130,5,Inversiones,0,40
118,238,2,20250614,4,Reclamo,1,44
119,302,2,20250422,3,Cuenta nueva,1,9
120,217,3,20250329,5,Bloqueo tarjeta,1,4
121,250,2,20250429,3,Inversiones,1,37
122,55,1,20250508,4,Otro,1,44
123,24,2,20250621,4,Reclamo,1,20
124,136,2,20250513,3,Reclamo,1,30
125,79,1,20250510,4,Cuenta nueva,1,11
126,323,2,20250212,3,Reclamo,1,36
127,405,2,20250201,4,Crédito,1,27
128,451,2,20250523,4,Reclamo,1,18
129,270,1,20250416,5,Otro,1,6
130,154,2,20250401,2,Bloqueo tarjeta,1,9
131,184,3,20250529,5,Transferencias,0,15
132,369,1,20250614,3,Reclamo,0,23
133,285,1,20250208,3,Bloqueo tarjeta,1,3
134,155,4,20250212,3,Otro,1,9
135,447,2,20250504,5,Crédito,1,19
136,33,2,20250126,4,Otro,0,32
137,133,3,20250603,2,Consulta saldo,1,2
138,140,3,20250415,3,Bloqueo tarjeta,1,28
139,430,4,20250528,5,Cuenta nueva,1,27
140,316,4,20250613,4,Crédito,1,39
141,477,2,20250423,4,Reclamo,1,7
142,412,2,20250311,5,Consulta saldo,1,41
143,433,2,20250224,3,Otro,0,17
144,180,2,20250630,5,Bloqueo tarjeta,1,7
145,306,3,20250422,3,Reclamo,1,22
146,52,4,20250214,5,Inversiones,1,40
147,305,2,20250113,1,Inversiones,0,21
148,472,1,20250519,1,Reclamo,0,45
149,315,4,20250326,5,Reclamo,1,28
150,8,3,20250111,3,Inversiones,1,25
151,15,2,20250425,4,Otro,0,21
152,413,1,20250331,5,Consulta saldo,1,17
153,402,3,20250309,5,Transferencias,0,13
154,204,3,20250411,2,Cuenta nueva,1,24
155,218,1,20250202,5,Transferencias,0,9
156,409,1,20250205,5,Otro,1,32
157,392,2,20250622,4,Cuenta nueva,1,26
158,52,1,20250104,4,Bloqueo tarjeta,1,34
159,31,3,20250318,5,Consulta saldo,0,36
160,203,2,20250104,4,Otro,1,37
161,305,4,20250207,3,Cuenta nueva,1,2
162,406,1,20250315,5,Inversiones,0,42
163,85,1,20250403,2,Consulta saldo,1,18
164,117,3,20250224,4,Reclamo,1,39
165,237,4,20250613,4,Cuenta nueva,0,42
166,90,4,20250212,5,Inversiones,1,44
167,450,3,20250523,4,Inversiones,1,19
168,157,3,20250102,4,Cuenta nueva,1,31
169,451,1,20250324,3,Bloqueo tarjeta,1,14
170,276,4,20250223,4,Otro,1,41
171,462,4,20250627,4,Reclamo,0,17
172,86,2,20250610,5,Otro,1,14
173,38,1,20250518,3,Otro,1,2
174,311,1,20250618,5,Reclamo,0,4
175,198,3,20250311,3,Crédito,1,36
176,118,1,20250527,4,Cuenta nueva,0,21
177,404,4,20250102,5,Bloqueo tarjeta,1,27
178,35,2,20250416,4,Reclamo,1,13
179,185,1,20250309,5,Inversiones,1,5
180,353,3,20250507,5,Bloqueo tarjeta,1,41
181,8,3,20250215,4,Cuenta nueva,1,40
182,263,2,20250105,5,Inversiones,0,26
183,271,2,20250519,5,Transferencias,0,40
184,297,4,20250110,4,Transferencias,0,8
185,193,2,20250327,3,Crédito,1,7
186,364,2,20250620,5,Inversiones,1,10
187,231,2,20250227,3,Transferencias,1,17
188,331,1,20250526,5,Otro,1,12
189,264,4,20250507,4,Consulta saldo,1,37
190,60,1,20250206,1,Consulta saldo,1,13
191,237,1,20250101,4,Reclamo,1,4
192,445,3,20250117,4,Otro,1,9
193,191,1,20250118,4,Reclamo,0,20
194,149,3,20250130,5,Cuenta nueva,1,43
195,248,2,20250119,1,Inversiones,1,37
196,444,1,20250605,4,Cuenta nueva,0,8
197,9,1,20250101,5,Otro,0,27
198,484,1,20250201,5,Cuenta nueva,0,39
199,463,3,20250415,4,Consulta saldo,1,44
200,464,1,20250414,2,Reclamo,0,21
201,483,1,20250123,5,Crédito,0,2
202,419,1,20250418,4,Inversiones,0,32
203,288,2,20250117,4,Crédito,1,37
204,372,2,20250210,4,Reclamo,1,40
205,222,1,20250426,3,Bloqueo tarjeta,1,45
206,187,2,20250621,4,Consulta saldo,1,39
207,292,1,20250406,5,Otro,0,3
208,45,1,20250620,1,Transferencias,1,24
209,287,4,20250428,4,Transferencias,1,21
210,460,4,20250118,5,Cuenta nueva,0,6
211,491,1,20250412,4,Bloqueo tarjeta,1,31
212,250,1,20250323,5,Inversiones,1,13
213,331,2,20250104,5,Transferencias,1,40
214,137,2,20250619,3,Transferencias,1,40
215,28,2,20250411,2,Inversiones,1,25
216,178,1,20250330,5,Inversiones,1,4
217,433,3,20250314,2,Transferencias,1,25
218,481,1,20250427,4,Consulta saldo,1,27
219,487,4,20250223,4,Consulta saldo,1,15
220,91,3,20250209,4,Transferencias,0,41
221,3,3,20250329,5,Consulta saldo,1,35
222,353,3,20250630,3,Inversiones,1,17
223,483,4,20250105,2,Cuenta nueva,1,6
224,358,1,20250126,4,Consulta saldo,1,38
225,454,2,20250301,5,Bloqueo tarjeta,0,44
226,451,1,20250111,2,Consulta saldo,0,16
227,23,3,20250402,3,Consulta saldo,1,29
228,248,3,20250511,1,Inversiones,0,43
229,288,2,20250129,5,Cuenta nueva,1,16
230,212,3,20250605,4,Crédito,0,28
231,242,2,20250305,3,Bloqueo tarjeta,1,7
232,243,3,20250526,5,Crédito,0,36
233,37,4,20250107,5,Consulta saldo,1,4
234,207,3,20250212,5,Crédito,1,6
235,402,1,20250429,5,Cuenta nueva,1,35
236,272,4,20250211,3,Consulta saldo,1,19
237,100,1,20250514,4,Crédito,0,18
238,156,2,20250330,3,Transferencias,1,16
239,497,4,20250430,5,Inversiones,1,10
240,418,1,20250502,2,Otro,0,5
241,41,2,20250412,4,Cuenta nueva,0,12
242,305,1,20250219,5,Consulta saldo,1,23
243,159,1,20250304,4,Consulta saldo,1,40
244,52,1,20250129,5,Otro,0,26
245,169,4,20250120,1,Inversiones,1,30
246,87,1,20250613,5,Consulta saldo,1,41
247,478,1,20250330,5,Inversiones,1,7
248,342,4,20250606,5,Transferencias,1,22
249,81,4,20250512,2,Reclamo,0,5
250,369,1,20250111,3,Transferencias,0,24
251,325,3,20250622,3,Cuenta nueva,1,20
252,227,3,20250131,2,Crédito,0,31
253,381,1,20250518,4,Cuenta nueva,1,16
254,202,3,20250625,1,Inversiones,0,41
255,354,3,20250210,1,Bloqueo tarjeta,1,24
256,260,4,20250202,4,Inversiones,1,36
257,114,2,20250321,2,Cuenta nueva,0,41
258,125,1,20250218,5,Cuenta nueva,1,23
259,31,1,20250202,2,Reclamo,0,38
260,220,2,20250501,4,Consulta saldo,1,26
261,357,2,20250615,1,Crédito,0,34
262,490,3,20250323,5,Crédito,1,38
263,192,2,20250310,5,Crédito,1,27
264,81,1,20250415,5,Cuenta nueva,1,15
265,253,1,20250221,1,Crédito,0,22
266,55,4,20250305,3,Otro,1,13
267,294,2,20250502,5,Transferencias,1,16
268,378,4,20250311,2,Consulta saldo,1,43
269,3,3,20250427,4,Reclamo,1,17
270,197,4,20250105,2,Reclamo,1,10
271,172,1,20250530,5,Otro,1,38
272,439,4,20250526,4,Transferencias,1,39
273,203,3,20250619,4,Consulta saldo,1,17
274,5,3,20250422,3,Transferencias,1,24
275,238,1,20250506,4,Consulta saldo,1,10
276,177,2,20250130,2,Transferencias,1,37
277,87,1,20250106,5,Bloqueo tarjeta,1,40
278,467,1,20250622,4,Bloqueo tarjeta,1,33
279,223,3,20250601,4,Bloqueo tarjeta,0,34
280,282,2,20250407,4,Bloqueo tarjeta,1,22
281,86,2,20250524,5,Bloqueo tarjeta,1,35
282,174,1,20250123,5,Crédito,1,40
283,483,2,20250203,4,Transferencias,1,39
284,170,1,20250429,4,Inversiones,0,44
285,245,1,20250117,5,Transferencias,1,13
286,321,2,20250507,4,Crédito,1,11
287,143,1,20250109,3,Crédito,1,35
288,490,1,20250604,5,Cuenta nueva,1,14
289,377,3,20250601,5,Consulta saldo,1,42
290,77,1,20250202,5,Crédito,0,10
291,66,2,20250615,5,Bloqueo tarjeta,1,14
292,48,3,20250129,3,Reclamo,1,5
293,423,2,20250409,1,Consulta saldo,1,40
294,204,2,20250227,4,Bloqueo tarjeta,1,16
295,83,1,20250225,1,Bloqueo tarjeta,1,45
296,312,2,20250603,4,Consulta saldo,0,12
297,484,4,20250524,3,Consulta saldo,1,36
298,78,2,20250303,4,Bloqueo tarjeta,0,14
299,188,2,20250114,4,Reclamo,1,25
300,489,4,20250427,4,Consulta saldo,1,27
301,186,2,20250203,5,Cuenta nueva,1,39
302,336,3,20250325,3,Consulta saldo,1,29
303,97,3,20250407,4,Crédito,1,24
304,233,2,20250110,4,Crédito,1,12
305,46,2,20250405,5,Inversiones,0,18
306,425,2,20250226,3,Cuenta nueva,0,37
307,348,1,20250611,3,Consulta saldo,1,33
308,319,3,20250531,2,Reclamo,1,17
309,337,4,20250610,5,Reclamo,1,14
310,369,3,20250511,5,Inversiones,0,13
311,116,1,20250322,4,Crédito,1,14
312,362,3,20250126,2,Cuenta nueva,0,35
313,137,1,20250413,5,Cuenta nueva,0,26
314,408,3,20250619,4,Otro,1,19
315,172,4,20250625,5,Crédito,1,17
316,139,2,20250412,5,Reclamo,1,40
317,107,4,20250513,2,Inversiones,1,13
318,466,1,20250310,4,Consulta saldo,1,41
319,390,1,20250317,4,Reclamo,1,22
320,229,2,20250319,4,Transferencias,1,17
321,123,4,20250115,3,Cuenta nueva,0,39
322,417,1,20250109,2,Inversiones,1,44
323,406,2,20250321,3,Transferencias,0,9
324,368,1,20250325,4,Consulta saldo,1,28
325,493,3,20250222,3,Consulta saldo,1,43
326,421,1,20250624,5,Cuenta nueva,0,11
327,48,1,20250103,4,Inversiones,1,15
328,459,4,20250327,3,Transferencias,1,34
329,456,1,20250409,5,Otro,1,33
330,479,4,20250221,5,Consulta saldo,1,28
331,464,3,20250329,3,Otro,1,10
332,97,2,20250514,4,Crédito,1,9
333,474,1,20250330,5,Cuenta nueva,0,30
334,167,1,20250503,5,Consulta saldo,1,11
335,34,3,20250428,5,Inversiones,1,31
336,14,4,20250628,2,Inversiones,1,38
337,391,1,20250626,5,Reclamo,1,42
338,18,2,20250603,3,Crédito,1,26
339,398,1,20250512,3,Reclamo,1,3
340,439,1,20250521,5,Otro,0,24
341,424,1,20250224,4,Crédito,0,11
342,227,2,20250205,5,Crédito,1,14
343,187,2,20250520,1,Otro,1,16
344,45,1,20250308,4,Cuenta nueva,0,32
345,236,4,20250403,4,Consulta saldo,1,26
346,259,3,20250516,2,Transferencias,0,14
347,80,1,20250402,4,Reclamo,1,43
348,287,4,20250508,4,Transferencias,1,33
349,363,3,20250626,4,Inversiones,1,18
350,135,1,20250416,4,Transferencias,1,15
351,365,1,20250605,3,Consulta saldo,1,40
352,344,4,20250309,4,Transferencias,1,44
353,491,4,20250621,3,Cuenta nueva,1,26
354,173,4,20250227,5,Crédito,1,5
355,370,3,20250408,5,Otro,0,17
356,140,2,20250128,4,Reclamo,1,33
357,343,3,20250304,1,Cuenta nueva,1,37
358,77,1,20250325,4,Consulta saldo,0,6
359,30,2,20250225,4,Inversiones,1,16
360,198,3,20250527,5,Bloqueo tarjeta,1,19
361,38,1,20250402,3,Transferencias,0,44
362,138,1,20250112,5,Bloqueo tarjeta,1,45
363,478,2,20250311,1,Bloqueo tarjeta,1,26
364,255,2,20250507,4,Cuenta nueva,0,5
365,130,1,20250426,3,Transferencias,1,12
366,255,1,20250601,5,Bloqueo tarjeta,1,44
367,293,1,20250105,5,Crédito,0,29
368,233,2,20250513,4,Reclamo,1,35
369,458,1,20250407,4,Otro,1,40
370,392,2,20250205,4,Consulta saldo,1,23
371,244,4,20250619,4,Reclamo,1,42
372,358,3,20250221,5,Inversiones,1,40
373,97,3,20250121,4,Consulta saldo,0,45
374,120,2,20250626,4,Bloqueo tarjeta,1,12
375,397,1,20250119,5,Cuenta nueva,1,26
376,472,2,20250310,4,Inversiones,1,5
377,203,2,20250105,4,Inversiones,1,44
378,304,2,20250416,4,Otro,0,7
379,219,1,20250427,5,Consulta saldo,1,23
380,358,2,20250101,4,Crédito,1,4
381,219,2,20250524,3,Transferencias,0,30
382,184,4,20250104,4,Transferencias,1,26
383,304,1,20250211,5,Otro,1,13
384,237,1,20250312,4,Reclamo,1,29
385,315,4,20250308,5,Inversiones,0,41
386,202,2,20250527,4,Cuenta nueva,0,28
387,386,1,20250614,5,Inversiones,0,20
388,38,1,20250608,3,Inversiones,1,27
389,312,2,20250530,3,Crédito,0,18
390,452,2,20250319,3,Inversiones,0,18
391,359,3,20250117,5,Transferencias,1,5
392,371,2,20250511,2,Otro,1,15
393,452,3,20250522,5,Inversiones,1,12
394,293,1,20250131,5,Otro,1,13
395,168,2,20250128,1,Inversiones,0,35
396,212,1,20250307,5,Cuenta nueva,1,39
397,6,3,20250228,1,Consulta saldo,1,38
398,76,1,20250428,5,Crédito,1,3
399,399,4,20250224,2,Bloqueo tarjeta,1,31
400,362,2,20250328,4,Reclamo,1,39
401,2,3,20250321,4,Reclamo,0,7
402,362,1,20250520,2,Cuenta nueva,1,14
403,44,1,20250323,4,Bloqueo tarjeta,1,36
404,456,1,20250512,3,Transferencias,1,28
405,128,3,20250222,1,Crédito,1,20
406,10,2,20250209,5,Inversiones,1,30
407,346,2,20250619,5,Reclamo,0,36
408,487,2,20250102,5,Cuenta nueva,1,11
409,492,1,20250528,5,Consulta saldo,1,43
410,456,2,20250121,4,Inversiones,1,18
411,30,1,20250202,5,Transferencias,1,25
412,484,1,20250106,4,Inversiones,1,23
413,386,3,20250215,5,Transferencias,1,10
414,70,2,20250505,3,Consulta saldo,1,27
415,118,1,20250504,5,Consulta saldo,1,18
416,63,2,20250415,5,Reclamo,0,25
417,245,4,20250115,3,Cuenta nueva,0,22
418,190,1,20250224,3,Crédito,1,13
419,418,2,20250224,5,Otro,1,3
420,68,3,20250209,5,Consulta saldo,1,20
421,415,4,20250403,5,Consulta saldo,1,12
422,452,3,20250222,4,Cuenta nueva,1,28
423,398,4,20250322,4,Bloqueo tarjeta,0,32
424,134,3,20250621,4,Reclamo,1,40
425,278,1,20250209,4,Crédito,1,30
426,174,3,20250226,4,Bloqueo tarjeta,1,22
427,353,3,20250502,4,Cuenta nueva,1,36
428,379,1,20250323,4,Transferencias,0,33
429,482,1,20250221,4,Bloqueo tarjeta,0,8
430,272,1,20250203,1,Otro,0,4
431,213,1,20250223,5,Consulta saldo,1,6
432,150,1,20250428,5,Consulta saldo,0,16
433,318,1,20250505,4,Inversiones,1,13
434,57,3,20250511,5,Otro,1,13
435,128,4,20250216,5,Crédito,1,13
436,74,1,20250201,4,Bloqueo tarjeta,1,26
437,451,3,20250611,3,Reclamo,0,14
438,419,3,20250224,5,Crédito,1,20
439,10,2,20250310,5,Inversiones,1,35
440,7,2,20250417,5,Inversiones,1,12
441,393,1,20250128,5,Cuenta nueva,1,22
442,320,3,20250226,4,Transferencias,1,42
443,380,1,20250607,5,Cuenta nueva,1,19
444,407,4,20250215,4,Transferencias,1,24
445,205,1,20250505,2,Cuenta nueva,1,11
446,372,1,20250505,4,Transferencias,1,20
447,476,1,20250103,5,Reclamo,1,11
448,298,1,20250511,5,Reclamo,1,17
449,210,3,20250422,3,Transferencias,0,20
450,194,4,20250625,1,Bloqueo tarjeta,1,18
451,174,1,20250517,5,Bloqueo tarjeta,1,8
452,23,2,20250221,5,Inversiones,1,16
453,43,1,20250628,5,Transferencias,0,8
454,262,1,20250226,5,Bloqueo tarjeta,1,36
455,256,2,20250228,4,Reclamo,1,2
456,135,2,20250125,4,Consulta saldo,1,21
457,407,3,20250227,1,Reclamo,1,34
458,426,2,20250415,4,Cuenta nueva,1,26
459,384,1,20250613,5,Inversiones,0,9
460,338,3,20250514,3,Transferencias,1,11
461,39,2,20250630,3,Crédito,1,21
462,130,1,20250603,3,Crédito,0,9
463,451,2,20250324,4,Bloqueo tarjeta,1,41
464,313,3,20250405,4,Inversiones,1,35
465,57,1,20250121,5,Consulta saldo,1,29
466,87,1,20250414,5,Consulta saldo,1,24
467,279,1,20250224,4,Reclamo,1,8
468,92,2,20250111,4,Inversiones,1,35
469,284,3,20250218,5,Transferencias,0,41
470,32,3,20250222,5,Consulta saldo,1,36
471,224,1,20250614,4,Crédito,0,13
472,313,1,20250529,5,Reclamo,1,15
473,43,2,20250227,5,Cuenta nueva,1,42
474,207,3,20250530,5,Transferencias,1,8
475,56,2,20250214,5,Consulta saldo,0,14
476,461,2,20250222,3,Crédito,1,11
477,498,2,20250122,4,Crédito,1,13
478,271,2,20250424,5,Otro,1,3
479,334,2,20250429,4,Consulta saldo,1,42
480,326,3,20250612,3,Bloqueo tarjeta,0,19
481,311,1,20250225,2,Otro,0,9
482,497,2,20250430,2,Reclamo,1,36
483,339,2,20250608,4,Otro,1,45
484,201,3,20250123,3,Reclamo,1,27
485,182,3,20250513,4,Bloqueo tarjeta,1,30
486,457,2,20250210,4,Transferencias,1,16
487,5,3,20250509,4,Otro,1,10
488,322,2,20250528,4,Otro,1,41
489,33,2,20250414,5,Otro,1,27
490,305,2,20250401,4,Otro,1,45
491,436,2,20250409,5,Inversiones,1,6
492,434,3,20250507,5,Inversiones,1,31
493,323,3,20250210,4,Cuenta nueva,1,39
494,150,2,20250526,5,Consulta saldo,1,22
495,264,2,20250126,5,Reclamo,0,22
496,84,3,20250204,5,Reclamo,1,31
497,462,2,20250113,4,Consulta saldo,1,36
498,267,2,20250209,3,Bloqueo tarjeta,0,2
499,448,2,20250529,4,Consulta saldo,1,21
500,305,2,20250627,3,Otro,1,8
501,8,2,20250512,5,Transferencias,0,30
502,24,1,20250330,1,Cuenta nueva,1,45
503,306,2,20250404,5,Cuenta nueva,1,3
504,393,1,20250313,4,Crédito,0,36
505,230,4,20250628,4,Consulta saldo,1,32
506,242,1,20250630,2,Transferencias,1,43
507,219,1,20250101,5,Cuenta nueva,0,9
508,487,1,20250108,4,Inversiones,1,40
509,489,2,20250113,5,Reclamo,1,27
510,73,1,20250306,1,Transferencias,1,24
511,162,2,20250520,4,Reclamo,0,13
512,111,2,20250204,4,Inversiones,1,3
513,156,1,20250316,5,Inversiones,1,22
514,88,1,20250320,4,Bloqueo tarjeta,0,16
515,42,1,20250508,4,Transferencias,1,24
516,461,1,20250204,5,Consulta saldo,1,17
517,477,2,20250405,5,Bloqueo tarjeta,0,32
518,238,2,20250225,5,Otro,1,19
519,178,2,20250521,3,Cuenta nueva,1,22
520,157,1,20250511,4,Transferencias,1,24
521,60,4,20250223,2,Cuenta nueva,1,41
522,27,1,20250115,4,Consulta saldo,1,40
523,242,2,20250109,4,Crédito,0,42
524,448,3,20250212,4,Inversiones,1,31
525,293,2,20250112,5,Otro,1,20
526,262,1,20250507,3,Consulta saldo,1,9
527,36,2,20250507,5,Crédito,1,43
528,480,2,20250530,3,Consulta saldo,1,34
529,35,1,20250529,5,Cuenta nueva,0,32
530,285,1,20250516,4,Reclamo,1,45
531,157,1,20250111,4,Reclamo,1,44
532,413,3,20250211,4,Consulta saldo,1,38
533,150,2,20250112,4,Inversiones,0,33
534,478,2,20250124,5,Transferencias,1,27
535,108,1,20250530,4,Reclamo,1,40
536,221,4,20250509,4,Inversiones,0,23
537,15,2,20250120,4,Consulta saldo,1,36
538,9,1,20250518,3,Crédito,0,45
539,277,1,20250611,5,Reclamo,1,20
540,377,2,20250306,4,Inversiones,1,44
541,88,2,20250524,4,Cuenta nueva,0,33
542,267,3,20250321,4,Transferencias,0,9
543,382,1,20250502,2,Otro,1,40
544,38,2,20250629,5,Transferencias,1,36
545,461,2,20250221,5,Bloqueo tarjeta,1,23
546,474,1,20250517,5,Cuenta nueva,0,19
547,268,2,20250214,5,Reclamo,0,8
548,108,3,20250106,5,Cuenta nueva,0,36
549,252,1,20250125,3,Bloqueo tarjeta,1,23
550,408,4,20250501,1,Transferencias,0,30
551,287,1,20250419,4,Reclamo,0,39
552,322,3,20250208,4,Cuenta nueva,0,36
553,7,3,20250125,5,Cuenta nueva,1,45
554,295,3,20250401,2,Crédito,0,7
555,437,4,20250108,4,Otro,1,43
556,22,1,20250312,5,Consulta saldo,1,22
557,63,1,20250526,4,Consulta saldo,1,5
558,206,1,20250210,4,Bloqueo tarjeta,0,35
559,469,1,20250407,4,Otro,1,24
560,108,2,20250524,4,Cuenta nueva,1,41
561,165,1,20250123,4,Reclamo,1,42
562,172,2,20250315,2,Reclamo,0,17
563,405,2,20250516,4,Bloqueo tarjeta,1,20
564,338,4,20250213,4,Transferencias,0,17
565,82,1,20250416,1,Reclamo,0,43
566,152,1,20250414,5,Transferencias,1,26
567,212,1,20250309,5,Bloqueo tarjeta,1,8
568,325,2,20250523,5,Crédito,1,42
569,192,3,20250314,1,Bloqueo tarjeta,1,44
570,110,1,20250518,4,Consulta saldo,1,33
571,261,2,20250407,5,Bloqueo tarjeta,1,18
572,297,2,20250609,4,Crédito,1,15
573,215,2,20250119,5,Otro,1,44
574,292,4,20250521,5,Transferencias,1,36
575,139,2,20250331,4,Cuenta nueva,0,24
576,393,3,20250128,5,Cuenta nueva,1,31
577,455,2,20250228,4,Crédito,1,29
578,55,2,20250531,2,Reclamo,0,19
579,485,3,20250625,3,Crédito,1,35
580,227,2,20250117,4,Cuenta nueva,0,16
581,244,1,20250608,4,Otro,1,18
582,319,3,20250108,4,Bloqueo tarjeta,0,24
583,497,3,20250217,5,Consulta saldo,1,10
584,497,1,20250405,5,Consulta saldo,0,6
585,458,1,20250628,5,Bloqueo tarjeta,1,43
586,389,2,20250315,1,Inversiones,1,5
587,361,2,20250623,4,Inversiones,1,15
588,431,1,20250209,5,Bloqueo tarjeta,1,32
589,473,1,20250620,5,Transferencias,1,19
590,377,2,20250531,4,Otro,1,26
591,94,4,20250328,4,Transferencias,1,33
592,136,1,20250326,4,Crédito,1,8
593,99,3,20250118,2,Inversiones,1,29
594,7,2,20250123,2,Transferencias,1,30
595,78,1,20250621,5,Consulta saldo,1,23
596,70,4,20250213,4,Bloqueo tarjeta,1,14
597,239,2,20250418,1,Otro,1,3
598,490,2,20250104,3,Consulta saldo,1,31
599,399,2,20250220,3,Consulta saldo,1,12
600,195,1,20250203,4,Consulta saldo,0,32
601,62,2,20250121,3,Consulta saldo,0,18
602,381,4,20250328,5,Reclamo,0,33
603,494,1,20250119,5,Bloqueo tarjeta,1,2
604,75,1,20250409,4,Crédito,0,20
605,204,1,20250206,2,Consulta saldo,1,13
606,489,1,20250219,2,Consulta saldo,1,21
607,453,2,20250627,5,Transferencias,1,3
608,181,1,20250222,5,Cuenta nueva,1,10
609,419,1,20250414,4,Inversiones,1,3
610,355,1,20250605,4,Cuenta nueva,1,24
611,295,1,20250113,2,Bloqueo tarjeta,1,36
612,221,3,20250530,3,Reclamo,0,20
613,131,3,20250620,5,Otro,1,34
614,31,1,20250614,4,Consulta saldo,1,19
615,119,1,20250315,4,Otro,0,37
616,150,1,20250119,1,Transferencias,1,21
617,392,2,20250102,5,Crédito,1,42
618,118,1,20250227,4,Inversiones,1,34
619,259,2,20250409,5,Transferencias,1,38
620,76,1,20250514,4,Consulta saldo,1,12
621,381,3,20250224,5,Transferencias,0,24
622,2,4,20250301,5,Consulta saldo,1,37
623,366,1,20250513,4,Reclamo,1,39
624,293,1,20250120,4,Bloqueo tarjeta,1,9
625,439,1,20250426,4,Bloqueo tarjeta,1,42
626,104,1,20250227,5,Otro,0,39
627,236,4,20250618,4,Consulta saldo,1,36
628,487,1,20250611,5,Bloqueo tarjeta,0,37
629,21,4,20250416,4,Consulta saldo,1,40
630,223,1,20250517,3,Bloqueo tarjeta,0,17
631,44,4,20250403,4,Cuenta nueva,1,40
632,257,1,20250521,3,Transferencias,0,21
633,435,1,20250201,3,Consulta saldo,1,15
634,16,1,20250325,4,Otro,1,38
635,361,1,20250520,4,Inversiones,0,29
636,282,3,20250405,2,Transferencias,1,43
637,277,3,20250601,5,Bloqueo tarjeta,1,11
638,473,1,20250221,4,Inversiones,0,11
639,455,1,20250405,4,Bloqueo tarjeta,1,22
640,327,1,20250215,5,Crédito,1,12
641,151,4,20250212,1,Bloqueo tarjeta,1,8
642,55,1,20250531,5,Bloqueo tarjeta,1,6
643,178,3,20250606,5,Consulta saldo,1,27
644,89,1,20250129,4,Crédito,1,29
645,125,1,20250401,2,Transferencias,1,3
646,103,4,20250124,5,Transferencias,1,42
647,336,1,20250403,2,Inversiones,0,25
648,167,3,20250116,4,Crédito,0,18
649,157,3,20250313,5,Transferencias,0,30
650,423,4,20250408,4,Consulta saldo,1,7
651,381,1,20250308,4,Crédito,0,21
652,286,1,20250428,3,Reclamo,1,28
653,52,1,20250506,4,Transferencias,0,44
654,201,2,20250213,1,Reclamo,1,26
655,79,3,20250330,4,Transferencias,1,6
656,437,2,20250529,5,Otro,1,19
657,340,2,20250510,5,Transferencias,1,42
658,478,1,20250212,4,Bloqueo tarjeta,0,21
659,75,2,20250519,4,Transferencias,1,19
660,450,1,20250210,5,Reclamo,1,9
661,432,1,20250203,5,Inversiones,1,24
662,9,1,20250212,5,Reclamo,1,19
663,52,3,20250321,5,Otro,0,36
664,2,2,20250503,4,Reclamo,1,16
665,448,2,20250322,4,Transferencias,1,35
666,12,2,20250509,4,Reclamo,1,3
667,23,1,20250328,2,Transferencias,1,25
668,411,2,20250307,3,Transferencias,1,3
669,381,2,20250123,4,Reclamo,1,17
670,447,1,20250405,5,Reclamo,1,5
671,54,1,20250206,5,Otro,1,39
672,46,4,20250520,1,Inversiones,1,2
673,60,4,20250210,4,Crédito,1,33
674,334,2,20250604,4,Reclamo,1,8
675,390,2,20250625,5,Cuenta nueva,1,41
676,332,2,20250124,2,Inversiones,0,42
677,472,2,20250427,5,Consulta saldo,1,6
678,85,1,20250215,4,Bloqueo tarjeta,1,12
679,268,3,20250517,5,Consulta saldo,1,31
680,58,1,20250525,3,Reclamo,1,3
681,241,2,20250523,5,Transferencias,1,14
682,197,4,20250620,4,Inversiones,1,9
683,21,2,20250507,5,Otro,0,37
684,147,4,20250129,3,Consulta saldo,1,37
685,257,1,20250326,5,Consulta saldo,1,43
686,394,4,20250322,3,Transferencias,1,27
687,300,4,20250206,2,Consulta saldo,0,26
688,434,3,20250522,4,Otro,1,44
689,350,2,20250401,4,Cuenta nueva,1,41
690,469,1,20250604,5,Cuenta nueva,1,11
691,209,1,20250111,2,Inversiones,0,26
692,102,2,20250101,1,Cuenta nueva,1,43
693,145,1,20250525,5,Crédito,1,9
694,148,4,20250518,4,Inversiones,1,16
695,218,1,20250101,2,Bloqueo tarjeta,0,22
696,37,1,20250202,4,Reclamo,1,25
697,207,4,20250618,5,Crédito,1,41
698,2,1,20250308,2,Cuenta nueva,1,9
699,80,2,20250330,3,Otro,1,39
700,127,4,20250428,4,Cuenta nueva,1,9
701,465,3,20250218,5,Otro,1,8
702,255,2,20250208,5,Bloqueo tarjeta,1,18
703,391,4,20250213,5,Otro,1,26
704,389,1,20250105,4,Cuenta nueva,0,29
705,227,1,20250415,4,Bloqueo tarjeta,1,15
706,197,2,20250127,2,Inversiones,0,32
707,371,3,20250521,4,Consulta saldo,1,33
708,398,4,20250310,4,Transferencias,0,20
709,362,1,20250127,5,Otro,1,26
710,395,2,20250106,4,Reclamo,1,27
711,154,1,20250215,4,Consulta saldo,1,29
712,194,1,20250305,5,Crédito,1,6
713,281,4,20250607,3,Reclamo,1,10
714,221,1,20250320,5,Otro,1,28
715,471,1,20250623,3,Reclamo,1,16
716,399,3,20250202,5,Crédito,1,24
717,396,2,20250122,5,Transferencias,1,38
718,306,1,20250424,5,Otro,1,18
719,165,1,20250111,5,Reclamo,1,32
720,174,4,20250520,4,Cuenta nueva,1,29
721,426,3,20250119,1,Inversiones,1,13
722,67,4,20250407,5,Otro,1,13
723,76,1,20250123,5,Otro,1,6
724,219,1,20250427,5,Bloqueo tarjeta,0,8
725,316,1,20250406,4,Cuenta nueva,1,19
726,192,2,20250513,3,Transferencias,0,29
727,92,1,20250501,5,Transferencias,1,13
728,407,4,20250614,5,Consulta saldo,1,19
729,40,2,20250222,4,Consulta saldo,1,3
730,10,2,20250115,5,Crédito,0,7
731,21,1,20250430,5,Cuenta nueva,1,4
732,428,1,20250319,3,Otro,1,19
733,414,1,20250419,2,Otro,1,19
734,3,4,20250414,5,Crédito,0,4
735,32,3,20250613,4,Transferencias,0,41
736,56,3,20250620,4,Crédito,1,16
737,253,3,20250215,5,Transferencias,1,7
738,179,1,20250219,4,Consulta saldo,1,38
739,215,1,20250402,4,Otro,1,23
740,156,4,20250215,4,Cuenta nueva,0,39
741,192,2,20250409,4,Consulta saldo,1,2
742,2,2,20250528,4,Reclamo,0,25
743,280,4,20250428,3,Consulta saldo,1,8
744,24,3,20250531,3,Transferencias,1,6
745,417,3,20250325,4,Crédito,1,19
746,116,2,20250318,1,Transferencias,0,24
747,86,1,20250208,1,Crédito,1,4
748,170,1,20250226,5,Cuenta nueva,0,5
749,173,4,20250120,3,Inversiones,1,45
750,417,4,20250108,4,Inversiones,1,15
751,449,3,20250507,3,Transferencias,1,17
752,4,1,20250430,4,Consulta saldo,1,36
753,404,1,20250608,5,Inversiones,0,7
754,385,1,20250219,5,Reclamo,1,41
755,74,1,20250520,2,Crédito,0,27
756,191,2,20250203,4,Inversiones,1,2
757,329,2,20250406,5,Bloqueo tarjeta,1,30
758,68,4,20250320,2,Transferencias,1,6
759,370,1,20250608,4,Reclamo,1,29
760,261,1,20250316,5,Reclamo,1,8
761,62,1,20250223,4,Otro,0,16
762,380,2,20250101,3,Inversiones,1,10
763,33,1,20250302,5,Cuenta nueva,1,23
764,369,1,20250301,3,Transferencias,1,42
765,265,1,20250110,5,Otro,1,39
766,499,1,20250421,4,Transferencias,1,18
767,121,4,20250205,4,Inversiones,1,45
768,303,4,20250323,5,Transferencias,1,2
769,221,2,20250325,4,Otro,1,38
770,302,4,20250207,5,Reclamo,1,24
771,367,1,20250531,4,Inversiones,0,19
772,403,2,20250129,5,Cuenta nueva,1,35
773,397,3,20250227,3,Cuenta nueva,1,32
774,261,3,20250213,1,Inversiones,1,10
775,474,3,20250619,4,Crédito,0,42
776,201,1,20250324,5,Transferencias,1,13
777,274,1,20250228,5,Transferencias,1,44
778,154,1,20250613,5,Otro,1,28
779,331,3,20250219,5,Consulta saldo,1,12
780,292,4,20250208,2,Transferencias,1,2
781,426,2,20250523,4,Otro,1,28
782,176,1,20250401,5,Consulta saldo,0,25
783,146,1,20250407,4,Consulta saldo,1,16
784,295,1,20250503,5,Crédito,1,14
785,429,1,20250520,3,Otro,1,39
786,215,4,20250213,5,Consulta saldo,0,11
787,144,2,20250416,4,Reclamo,1,45
788,500,3,20250614,2,Reclamo,0,27
789,182,3,20250307,5,Consulta saldo,1,22
790,47,1,20250215,3,Otro,0,44
791,445,1,20250228,2,Crédito,0,9
792,145,4,20250121,4,Bloqueo tarjeta,0,21
793,142,3,20250207,4,Inversiones,1,14
794,199,2,20250406,5,Cuenta nueva,1,28
795,129,4,20250114,3,Inversiones,1,4
796,168,2,20250329,2,Cuenta nueva,1,37
797,254,4,20250401,5,Crédito,1,13
798,228,1,20250129,4,Inversiones,1,19
799,177,2,20250125,3,Reclamo,0,14
800,292,2,20250527,3,Consulta saldo,1,20
801,390,3,20250512,4,Transferencias,1,38
802,265,3,20250109,3,Reclamo,1,19
803,305,1,20250121,5,Cuenta nueva,1,23
804,138,1,20250629,5,Transferencias,1,19
805,428,3,20250211,4,Consulta saldo,1,16
806,26,1,20250418,5,Inversiones,1,43
807,234,3,20250614,4,Inversiones,1,31
808,386,3,20250113,2,Otro,0,24
809,68,4,20250409,5,Reclamo,0,27
810,35,3,20250530,5,Cuenta nueva,1,7
811,293,3,20250512,5,Consulta saldo,0,11
812,432,4,20250416,3,Bloqueo tarjeta,1,35
813,431,1,20250311,4,Reclamo,1,17
814,173,3,20250314,4,Consulta saldo,1,17
815,126,4,20250409,4,Crédito,1,32
816,208,2,20250615,1,Otro,1,9
817,216,1,20250530,5,Reclamo,0,32
818,9,1,20250521,2,Otro,1,34
819,347,1,20250411,5,Consulta saldo,1,15
820,87,1,20250514,5,Otro,0,3
821,166,1,20250628,5,Consulta saldo,0,42
822,356,1,20250319,5,Otro,1,43
823,280,3,20250514,5,Reclamo,1,30
824,32,2,20250114,3,Bloqueo tarjeta,1,12
825,8,4,20250530,5,Otro,1,39
826,316,3,20250506,4,Bloqueo tarjeta,1,38
827,79,1,20250530,2,Reclamo,1,15
828,473,1,20250215,5,Consulta saldo,1,21
829,81,1,20250509,4,Consulta saldo,1,39
830,453,4,20250522,3,Bloqueo tarjeta,1,17
831,355,3,20250310,5,Consulta saldo,1,24
832,195,4,20250520,4,Transferencias,1,23
833,311,1,20250515,4,Transferencias,0,19
834,143,4,20250218,5,Crédito,0,11
835,372,3,20250622,2,Bloqueo tarjeta,1,34
836,139,2,20250113,5,Crédito,1,23
837,463,2,20250617,5,Consulta saldo,1,43
838,337,3,20250329,5,Transferencias,0,43
839,230,1,20250503,3,Consulta saldo,1,5
840,229,2,20250505,4,Consulta saldo,1,34
841,444,1,20250618,5,Bloqueo tarjeta,1,27
842,282,1,20250217,5,Transferencias,1,20
843,16,2,20250327,5,Consulta saldo,1,35
844,290,2,20250522,4,Transferencias,1,31
845,2,1,20250609,4,Reclamo,0,45
846,440,2,20250124,5,Bloqueo tarjeta,1,32
847,272,1,20250413,4,Transferencias,0,17
848,412,2,20250504,5,Transferencias,0,28
849,138,4,20250222,3,Crédito,1,40
850,172,2,20250421,5,Otro,0,7
851,339,3,20250201,4,Transferencias,1,44
852,47,2,20250307,1,Transferencias,0,31
853,137,1,20250308,4,Otro,1,5
854,1,1,20250220,5,Transferencias,0,20
855,457,1,20250213,5,Inversiones,1,24
856,386,3,20250223,3,Bloqueo tarjeta,1,30
857,498,4,20250325,5,Crédito,0,19
858,368,1,20250518,4,Otro,0,17
859,211,1,20250512,5,Transferencias,0,10
860,238,1,20250214,4,Reclamo,1,6
861,249,2,20250212,4,Transferencias,1,5
862,85,2,20250306,4,Reclamo,1,10
863,233,2,20250113,2,Reclamo,1,24
864,486,4,20250420,5,Transferencias,1,40
865,284,1,20250618,4,Otro,0,27
866,313,2,20250517,4,Transferencias,1,29
867,89,1,20250110,3,Consulta saldo,1,18
868,309,1,20250527,4,Crédito,0,40
869,16,4,20250105,4,Consulta saldo,0,20
870,239,2,20250302,5,Reclamo,1,41
871,157,4,20250624,5,Crédito,0,20
872,61,2,20250630,3,Consulta saldo,1,38
873,279,1,20250411,5,Otro,1,39
874,344,2,20250518,4,Reclamo,1,44
875,318,1,20250605,1,Transferencias,1,13
876,478,3,20250211,1,Otro,0,29
877,134,3,20250531,4,Reclamo,1,38
878,333,4,20250530,5,Cuenta nueva,1,10
879,322,2,20250103,4,Consulta saldo,1,28
880,171,4,20250404,4,Otro,1,43
881,434,4,20250621,4,Consulta saldo,1,21
882,116,1,20250409,3,Bloqueo tarjeta,1,32
883,7,1,20250620,4,Consulta saldo,1,33
884,497,1,20250221,4,Cuenta nueva,1,28
885,495,2,20250125,5,Consulta saldo,1,23
886,37,3,20250524,4,Crédito,1,14
887,95,1,20250215,4,Inversiones,0,21
888,1,2,20250328,4,Inversiones,1,3
889,66,4,20250424,4,Crédito,1,6
890,40,3,20250123,4,Bloqueo tarjeta,0,42
891,500,3,20250130,5,Cuenta nueva,1,17
892,41,4,20250606,4,Inversiones,1,14
893,407,2,20250302,2,Cuenta nueva,1,24
894,414,3,20250318,5,Bloqueo tarjeta,1,30
895,343,3,20250309,4,Cuenta nueva,1,44
896,421,2,20250130,5,Otro,1,20
897,7,1,20250119,5,Inversiones,1,21
898,390,1,20250118,1,Crédito,1,36
899,349,1,20250206,4,Crédito,1,27
900,123,4,20250225,5,Cuenta nueva,0,36
901,498,3,20250513,3,Consulta saldo,1,36
902,312,1,20250501,4,Cuenta nueva,1,26
903,444,2,20250323,4,Crédito,1,23
904,98,1,20250614,2,Otro,1,3
905,394,2,20250530,2,Reclamo,1,34
906,22,2,20250620,5,Transferencias,1,45
907,277,2,20250604,4,Inversiones,0,7
908,416,3,20250107,5,Reclamo,1,8
909,25,1,20250318,4,Cuenta nueva,1,27
910,336,2,20250206,2,Reclamo,1,31
911,161,4,20250622,3,Crédito,1,32
912,187,2,20250601,5,Inversiones,1,5
913,471,4,20250522,5,Crédito,1,6
914,294,3,20250313,5,Cuenta nueva,1,38
915,199,4,20250314,4,Reclamo,1,28
916,193,1,20250208,5,Consulta saldo,1,2
917,155,2,20250224,5,Consulta saldo,1,33
918,199,2,20250530,3,Reclamo,1,5
919,223,1,20250408,4,Consulta saldo,1,10
920,325,4,20250617,2,Reclamo,1,2
921,111,2,20250518,1,Consulta saldo,1,12
922,74,3,20250126,5,Cuenta nueva,1,40
923,483,1,20250311,3,Otro,0,38
924,58,2,20250423,3,Transferencias,0,4
925,69,3,20250120,4,Otro,1,33
926,323,1,20250322,5,Transferencias,1,20
927,147,4,20250618,4,Cuenta nueva,1,7
928,368,1,20250118,4,Reclamo,1,24
929,145,1,20250507,5,Cuenta nueva,1,27
930,190,1,20250228,5,Transferencias,1,41
931,7,1,20250402,4,Crédito,0,28
932,278,2,20250126,3,Reclamo,1,2
933,216,4,20250315,3,Reclamo,1,14
934,187,4,20250326,4,Consulta saldo,1,14
935,372,1,20250601,3,Bloqueo tarjeta,1,8
936,293,1,20250314,4,Consulta saldo,1,13
937,168,1,20250310,3,Inversiones,1,18
938,382,1,20250123,3,Cuenta nueva,1,45
939,299,4,20250323,5,Consulta saldo,1,31
940,330,4,20250119,2,Reclamo,1,21
941,199,2,20250613,4,Bloqueo tarjeta,1,14
942,344,2,20250323,3,Otro,1,2
943,497,2,20250322,5,Crédito,0,32
944,126,3,20250426,4,Consulta saldo,0,8
945,222,1,20250506,4,Otro,1,14
946,109,3,20250223,5,Transferencias,1,27
947,472,1,20250309,5,Transferencias,1,12
948,193,3,20250430,5,Transferencias,1,30
949,82,1,20250430,5,Crédito,1,23
950,94,1,20250605,3,Consulta saldo,1,18
951,117,1,20250601,4,Transferencias,1,20
952,37,4,20250207,4,Transferencias,0,2
953,44,1,20250616,4,Cuenta nueva,0,23
954,166,1,20250213,5,Reclamo,1,40
955,64,1,20250503,5,Consulta saldo,1,27
956,397,1,20250308,3,Reclamo,0,11
957,105,2,20250216,4,Bloqueo tarjeta,1,34
958,153,4,20250602,4,Otro,1,30
959,194,2,20250107,2,Consulta saldo,1,22
960,323,2,20250220,4,Inversiones,1,4
961,28,3,20250616,4,Transferencias,0,19
962,401,2,20250122,4,Cuenta nueva,1,29
963,2,1,20250414,4,Reclamo,0,2
964,261,3,20250108,3,Cuenta nueva,1,27
965,294,2,20250331,2,Otro,1,40
966,474,2,20250421,2,Crédito,0,38
967,363,3,20250616,5,Inversiones,0,40
968,219,2,20250109,5,Consulta saldo,1,41
969,306,1,20250327,5,Crédito,1,28
970,114,1,20250410,3,Inversiones,0,8
971,361,1,20250204,4,Bloqueo tarjeta,1,8
972,117,1,20250320,5,Inversiones,1,6
973,471,2,20250222,5,Transferencias,1,14
974,255,3,20250517,4,Inversiones,1,42
975,259,2,20250211,4,Otro,1,34
976,105,1,20250517,5,Otro,1,36
977,498,1,20250616,5,Inversiones,1,35
978,103,3,20250113,5,Inversiones,1,25
979,307,2,20250410,5,Inversiones,1,45
980,138,2,20250317,4,Reclamo,1,45
981,440,4,20250508,5,Otro,1,27
982,451,3,20250102,2,Transferencias,1,26
983,183,1,20250405,4,Cuenta nueva,1,45
984,341,4,20250514,4,Reclamo,1,24
985,131,1,20250412,5,Otro,1,2
986,267,2,20250102,4,Reclamo,0,10
987,196,1,20250322,2,Cuenta nueva,1,8
988,134,4,20250206,5,Bloqueo tarjeta,0,39
989,411,4,20250516,1,Crédito,1,28
990,429,1,20250514,5,Cuenta nueva,0,4
991,210,2,20250603,5,Crédito,1,41
992,109,4,20250326,3,Reclamo,1,4
993,377,3,20250611,4,Crédito,1,40
994,297,1,20250324,3,Consulta saldo,1,29
995,249,3,20250603,4,Otro,1,19
996,186,2,20250305,2,Reclamo,1,35
997,105,1,20250110,1,Cuenta nueva,0,26
998,8,1,20250616,4,Cuenta nueva,1,42
999,173,1,20250219,1,Consulta saldo,1,29
1000,76,3,20250106,3,Consulta saldo,0,7
1001,72,2,20250330,5,Cuenta nueva,1,41
1002,21,1,20250115,4,Crédito,1,30
1003,236,2,20250615,4,Cuenta nueva,1,9
1004,378,1,20250610,5,Inversiones,0,45
1005,268,1,20250524,1,Transferencias,0,22
1006,413,4,20250617,5,Inversiones,1,28
1007,498,2,20250208,3,Reclamo,1,43
1008,388,2,20250324,5,Inversiones,1,28
1009,435,4,20250410,3,Otro,1,2
1010,337,1,20250413,4,Bloqueo tarjeta,1,35
1011,399,2,20250115,3,Transferencias,0,25
1012,304,1,20250319,4,Consulta saldo,0,11
1013,335,2,20250205,3,Otro,1,41
1014,453,2,20250531,5,Transferencias,1,45
1015,391,1,20250502,5,Reclamo,1,19
1016,344,2,20250618,4,Inversiones,0,30
1017,406,3,20250511,2,Otro,1,22
1018,420,2,20250307,2,Consulta saldo,0,15
1019,165,1,20250417,4,Otro,1,37
1020,391,1,20250510,5,Reclamo,1,37
1021,211,1,20250217,4,Crédito,1,11
1022,122,2,20250122,2,Reclamo,1,13
1023,15,2,20250130,5,Cuenta nueva,1,37
1024,405,1,20250504,4,Reclamo,0,8
1025,333,1,20250525,5,Otro,1,27
1026,19,3,20250423,5,Bloqueo tarjeta,1,39
1027,285,2,20250208,3,Transferencias,1,40
1028,340,1,20250208,5,Reclamo,1,40
1029,23,1,20250430,5,Reclamo,1,31
1030,374,2,20250520,4,Crédito,0,14
1031,250,3,20250312,1,Otro,1,8
1032,112,3,20250227,5,Bloqueo tarjeta,1,23
1033,226,3,20250602,5,Consulta saldo,1,43
1034,450,2,20250117,4,Crédito,1,19
1035,276,1,20250302,5,Crédito,1,6
1036,27,1,20250303,4,Bloqueo tarjeta,0,16
1037,206,1,20250626,1,Otro,1,42
1038,39,4,20250427,4,Consulta saldo,1,30
1039,452,2,20250420,2,Transferencias,1,21
1040,135,1,20250609,4,Reclamo,0,38
1041,420,4,20250301,5,Reclamo,1,29
1042,481,1,20250327,4,Transferencias,1,32
1043,445,2,20250225,5,Bloqueo tarjeta,1,33
1044,466,3,20250315,3,Transferencias,1,16
1045,381,2,20250117,4,Crédito,1,10
1046,472,1,20250527,4,Inversiones,1,16
1047,378,1,20250206,4,Cuenta nueva,1,24
1048,222,1,20250624,3,Reclamo,1,31
1049,242,1,20250210,4,Inversiones,1,9
1050,146,2,20250324,4,Bloqueo tarjeta,0,33
1051,59,4,20250324,5,Reclamo,1,2
1052,40,4,20250301,5,Bloqueo tarjeta,1,37
1053,51,3,20250121,4,Crédito,0,21
1054,30,2,20250322,5,Inversiones,0,15
1055,377,3,20250616,4,Transferencias,1,10
1056,124,1,20250513,5,Crédito,0,3
1057,497,4,20250214,5,Consulta saldo,1,43
1058,286,3,20250513,3,Crédito,1,30
1059,213,2,20250404,4,Reclamo,1,6
1060,469,4,20250105,5,Crédito,1,4
1061,349,3,20250226,2,Crédito,1,39
1062,372,1,20250502,5,Otro,0,37
1063,9,2,20250214,4,Bloqueo tarjeta,1,30
1064,142,1,20250503,5,Reclamo,1,20
1065,440,1,20250120,3,Cuenta nueva,1,21
1066,72,1,20250430,5,Reclamo,0,9
1067,195,1,20250513,5,Crédito,1,39
1068,314,4,20250324,4,Cuenta nueva,1,12
1069,436,2,20250606,4,Inversiones,0,21
1070,496,1,20250502,5,Cuenta nueva,1,13
1071,370,1,20250626,2,Crédito,0,19
1072,205,3,20250330,5,Otro,1,36
1073,387,2,20250508,4,Crédito,0,6
1074,379,1,20250330,4,Bloqueo tarjeta,1,32
1075,48,3,20250319,3,Bloqueo tarjeta,1,39
1076,163,2,20250417,4,Crédito,1,2
1077,226,2,20250301,4,Otro,1,29
1078,412,1,20250117,5,Cuenta nueva,1,5
1079,125,3,20250124,4,Bloqueo tarjeta,1,39
1080,118,1,20250111,2,Reclamo,1,28
1081,249,1,20250221,5,Bloqueo tarjeta,1,8
1082,164,3,20250120,5,Reclamo,1,23
1083,334,1,20250427,5,Consulta saldo,1,29
1084,370,1,20250522,5,Bloqueo tarjeta,1,18
1085,18,3,20250223,1,Consulta saldo,1,5
1086,332,2,20250217,4,Cuenta nueva,0,3
1087,148,4,20250611,3,Bloqueo tarjeta,1,11
1088,162,2,20250113,1,Bloqueo tarjeta,1,39
1089,206,1,20250505,5,Reclamo,0,15
1090,70,1,20250617,3,Inversiones,1,22
1091,341,4,20250228,3,Transferencias,1,26
1092,379,1,20250221,5,Consulta saldo,0,9
1093,295,2,20250209,3,Bloqueo tarjeta,1,43
1094,499,1,20250212,4,Bloqueo tarjeta,0,12
1095,441,2,20250224,4,Reclamo,1,23
1096,153,1,20250207,4,Inversiones,1,29
1097,220,1,20250106,4,Crédito,1,5
1098,224,2,20250626,4,Otro,1,32
1099,339,4,20250629,3,Cuenta nueva,1,32
1100,172,2,20250212,5,Transferencias,0,27
1101,137,1,20250327,5,Otro,0,26
1102,262,3,20250212,5,Consulta saldo,1,28
1103,190,1,20250410,4,Crédito,1,39
1104,399,1,20250612,5,Inversiones,0,27
1105,107,1,20250424,3,Reclamo,1,42
1106,79,4,20250518,5,Inversiones,1,26
1107,174,2,20250430,4,Otro,1,43
1108,487,2,20250428,5,Crédito,0,37
1109,147,1,20250211,5,Reclamo,1,34
1110,212,1,20250614,4,Bloqueo tarjeta,1,36
1111,122,2,20250210,4,Bloqueo tarjeta,1,24
1112,202,4,20250222,2,Crédito,1,7
1113,243,1,20250108,5,Transferencias,1,32
1114,483,3,20250606,5,Bloqueo tarjeta,1,41
1115,365,2,20250427,4,Consulta saldo,1,10
1116,68,1,20250424,3,Bloqueo tarjeta,0,27
1117,227,3,20250219,5,Reclamo,1,43
1118,426,1,20250327,4,Transferencias,1,20
1119,98,2,20250325,5,Bloqueo tarjeta,1,39
1120,203,4,20250521,1,Inversiones,1,44
1121,360,1,20250122,5,Reclamo,1,38
1122,345,2,20250403,4,Consulta saldo,1,37
1123,17,1,20250207,4,Bloqueo tarjeta,0,8
1124,59,3,20250212,4,Reclamo,0,17
1125,390,1,20250520,4,Bloqueo tarjeta,1,16
1126,215,1,20250309,5,Otro,1,15
1127,24,2,20250609,2,Inversiones,1,5
1128,20,2,20250128,4,Bloqueo tarjeta,0,36
1129,297,2,20250104,5,Bloqueo tarjeta,0,5
1130,467,4,20250321,3,Consulta saldo,1,37
1131,469,2,20250428,2,Consulta saldo,0,6
1132,63,1,20250520,4,Crédito,1,23
1133,31,1,20250318,3,Crédito,1,6
1134,344,3,20250402,4,Bloqueo tarjeta,1,39
1135,41,4,20250107,4,Cuenta nueva,0,8
1136,105,1,20250629,4,Transferencias,0,8
1137,9,1,20250522,5,Transferencias,1,31
1138,267,1,20250628,5,Bloqueo tarjeta,1,9
1139,154,2,20250227,5,Cuenta nueva,1,33
1140,497,3,20250603,4,Reclamo,1,34
1141,97,2,20250316,5,Bloqueo tarjeta,1,7
1142,497,2,20250130,4,Bloqueo tarjeta,1,26
1143,128,2,20250126,4,Transferencias,1,20
1144,172,3,20250103,2,Crédito,1,28
1145,199,2,20250522,5,Bloqueo tarjeta,1,18
1146,388,1,20250311,4,Otro,1,6
1147,369,2,20250105,4,Bloqueo tarjeta,0,31
1148,267,2,20250518,4,Cuenta nueva,1,40
1149,114,2,20250317,5,Consulta saldo,1,8
1150,232,3,20250521,4,Cuenta nueva,0,27
1151,454,1,20250212,4,Transferencias,0,13
1152,200,3,20250421,4,Reclamo,1,43
1153,448,1,20250313,3,Consulta saldo,1,44
1154,472,1,20250103,5,Inversiones,1,16
1155,493,1,20250127,5,Reclamo,0,18
1156,414,3,20250126,4,Bloqueo tarjeta,0,2
1157,31,2,20250627,4,Inversiones,0,8
1158,209,2,20250405,1,Transferencias,1,9
1159,72,4,20250112,5,Crédito,1,11
1160,275,2,20250206,4,Inversiones,1,11
1161,305,1,20250507,4,Inversiones,1,19
1162,232,3,20250102,4,Bloqueo tarjeta,1,8
1163,16,4,20250604,4,Cuenta nueva,1,30
1164,68,3,20250206,4,Consulta saldo,0,29
1165,185,2,20250304,5,Otro,1,4
1166,66,2,20250525,3,Consulta saldo,0,3
1167,365,2,20250304,5,Cuenta nueva,1,6
1168,391,4,20250511,2,Bloqueo tarjeta,0,18
1169,148,2,20250316,5,Transferencias,1,13
1170,313,2,20250121,4,Crédito,1,16
1171,364,4,20250316,4,Consulta saldo,1,16
1172,75,2,20250418,2,Bloqueo tarjeta,1,44
1173,477,4,20250524,4,Crédito,0,27
1174,283,1,20250519,5,Cuenta nueva,0,33
1175,11,2,20250319,5,Inversiones,1,2
1176,26,4,20250420,4,Inversiones,1,11
1177,194,3,20250520,4,Bloqueo tarjeta,1,26
1178,388,2,20250314,3,Inversiones,1,4
1179,48,1,20250113,4,Crédito,1,37
1180,72,2,20250110,4,Cuenta nueva,1,3
1181,316,1,20250509,5,Transferencias,1,27
1182,256,1,20250309,5,Transferencias,1,2
1183,73,3,20250510,3,Inversiones,1,21
1184,233,3,20250501,3,Transferencias,1,23
1185,56,4,20250308,4,Cuenta nueva,1,22
1186,15,3,20250410,4,Reclamo,1,33
1187,85,1,20250526,3,Cuenta nueva,1,17
1188,174,2,20250208,4,Inversiones,1,16
1189,72,2,20250111,5,Reclamo,1,19
1190,201,3,20250130,4,Transferencias,0,41
1191,152,2,20250503,2,Transferencias,1,10
1192,475,1,20250110,4,Transferencias,0,24
1193,196,2,20250608,5,Crédito,1,2
1194,385,4,20250408,5,Consulta saldo,0,9
1195,273,1,20250219,1,Cuenta nueva,1,11
1196,55,1,20250114,4,Crédito,1,15
1197,44,1,20250320,4,Consulta saldo,1,43
1198,221,3,20250106,5,Bloqueo tarjeta,1,13
1199,359,3,20250313,5,Otro,1,25
1200,297,1,20250320,5,Transferencias,1,20
1201,381,3,20250324,3,Crédito,1,26
1202,274,2,20250621,5,Bloqueo tarjeta,1,26
1203,228,3,20250315,5,Consulta saldo,0,9
1204,347,4,20250510,4,Bloqueo tarjeta,0,44
1205,220,2,20250416,4,Cuenta nueva,1,13
1206,35,2,20250616,5,Transferencias,1,38
1207,165,1,20250218,5,Otro,1,28
1208,80,3,20250603,4,Transferencias,1,45
1209,475,2,20250113,4,Otro,1,42
1210,70,2,20250421,4,Transferencias,1,33
1211,445,1,20250118,3,Transferencias,1,42
1212,213,1,20250524,4,Crédito,0,7
1213,99,3,20250110,4,Consulta saldo,1,17
1214,292,1,20250427,5,Transferencias,0,6
1215,338,1,20250205,4,Reclamo,1,15
1216,133,3,20250216,4,Bloqueo tarjeta,1,37
1217,292,3,20250226,4,Bloqueo tarjeta,0,23
1218,399,1,20250217,2,Inversiones,1,3
1219,202,1,20250426,5,Inversiones,1,30
1220,74,4,20250228,2,Otro,1,19
1221,466,1,20250331,5,Crédito,1,25
1222,315,1,20250613,5,Otro,0,18
1223,82,2,20250515,4,Transferencias,1,38
1224,158,1,20250323,2,Reclamo,1,22
1225,291,2,20250131,2,Reclamo,1,36
1226,28,1,20250328,5,Reclamo,0,30
1227,119,2,20250423,4,Cuenta nueva,1,41
1228,450,3,20250419,3,Inversiones,0,6
1229,401,1,20250219,4,Cuenta nueva,0,13
1230,237,1,20250226,5,Consulta saldo,1,24
1231,71,2,20250424,5,Cuenta nueva,1,35
1232,105,2,20250323,4,Crédito,1,35
1233,431,1,20250203,4,Transferencias,0,14
1234,29,3,20250421,3,Inversiones,1,27
1235,203,3,20250413,4,Crédito,1,16
1236,414,3,20250605,5,Reclamo,1,9
1237,14,4,20250105,5,Consulta saldo,0,45
1238,199,2,20250510,3,Inversiones,0,36
1239,435,4,20250207,3,Otro,1,26
1240,354,3,20250131,3,Reclamo,1,42
1241,172,1,20250123,1,Inversiones,1,20
1242,288,4,20250429,3,Cuenta nueva,0,19
1243,97,3,20250523,2,Transferencias,1,25
1244,26,2,20250130,3,Consulta saldo,1,23
1245,461,1,20250313,4,Consulta saldo,1,5
1246,388,3,20250217,4,Consulta saldo,1,42
1247,33,1,20250102,3,Cuenta nueva,1,34
1248,98,3,20250303,5,Bloqueo tarjeta,1,43
1249,259,1,20250216,4,Consulta saldo,1,41
1250,477,1,20250601,4,Cuenta nueva,1,30
1251,135,3,20250116,4,Consulta saldo,1,40
1252,337,4,20250105,5,Bloqueo tarjeta,1,40
1253,248,2,20250523,5,Bloqueo tarjeta,1,8
1254,410,4,20250317,4,Reclamo,1,38
1255,183,3,20250516,4,Crédito,1,12
1256,165,2,20250403,1,Consulta saldo,1,36
1257,277,1,20250212,4,Bloqueo tarjeta,1,29
1258,127,3,20250315,4,Cuenta nueva,0,17
1259,84,2,20250521,5,Inversiones,1,27
1260,359,1,20250605,5,Otro,1,4
1261,476,1,20250122,5,Reclamo,1,33
1262,398,1,20250528,5,Crédito,1,34
1263,92,1,20250307,5,Otro,0,29
1264,163,3,20250518,3,Bloqueo tarjeta,1,5
1265,484,1,20250211,4,Inversiones,1,17
1266,482,2,20250126,5,Consulta saldo,1,38
1267,328,4,20250405,5,Otro,0,16
1268,248,3,20250528,3,Otro,1,9
1269,164,3,20250129,4,Transferencias,1,32
1270,400,4,20250617,3,Consulta saldo,1,7
1271,440,1,20250203,3,Inversiones,1,20
1272,494,2,20250610,5,Consulta saldo,1,44
1273,241,3,20250428,5,Bloqueo tarjeta,0,29
1274,56,2,20250122,5,Reclamo,1,41
1275,234,3,20250412,4,Reclamo,1,40
1276,121,3,20250524,4,Crédito,1,19
1277,83,2,20250101,4,Inversiones,0,45
1278,235,3,20250422,3,Crédito,0,13
1279,133,1,20250227,2,Crédito,0,2
1280,344,1,20250401,4,Crédito,1,9
1281,43,3,20250316,4,Cuenta nueva,1,8
1282,78,2,20250103,5,Reclamo,1,34
1283,368,2,20250105,4,Crédito,1,31
1284,438,2,20250320,4,Crédito,1,20
1285,458,3,20250517,4,Bloqueo tarjeta,1,8
1286,419,2,20250319,4,Inversiones,1,34
1287,426,2,20250421,4,Crédito,0,3
1288,355,4,20250203,5,Transferencias,0,28
1289,159,1,20250412,4,Reclamo,1,18
1290,343,1,20250529,5,Transferencias,1,4
1291,73,4,20250123,5,Consulta saldo,1,44
1292,405,1,20250103,5,Consulta saldo,1,39
1293,422,3,20250118,3,Transferencias,1,9
1294,331,1,20250421,2,Crédito,0,22
1295,307,2,20250428,3,Crédito,0,7
1296,270,3,20250102,4,Crédito,1,30
1297,159,3,20250504,5,Consulta saldo,1,43
1298,172,3,20250211,3,Transferencias,1,5
1299,362,1,20250524,5,Crédito,1,28
1300,88,1,20250403,4,Consulta saldo,1,7
1301,35,3,20250205,4,Cuenta nueva,0,38
1302,132,2,20250325,5,Otro,0,24
1303,46,1,20250608,5,Consulta saldo,0,45
1304,126,1,20250531,5,Consulta saldo,0,29
1305,258,1,20250430,4,Inversiones,0,8
1306,72,4,20250519,5,Reclamo,1,32
1307,388,4,20250424,5,Bloqueo tarjeta,1,33
1308,254,3,20250416,2,Otro,1,10
1309,210,2,20250617,5,Crédito,1,35
1310,336,1,20250622,2,Reclamo,0,42
1311,82,4,20250215,3,Transferencias,1,29
1312,292,3,20250417,4,Crédito,1,27
1313,87,2,20250131,5,Transferencias,1,43
1314,312,4,20250522,4,Consulta saldo,1,39
1315,55,3,20250508,4,Transferencias,1,41
1316,499,2,20250416,4,Otro,1,3
1317,492,1,20250527,4,Consulta saldo,1,6
1318,56,1,20250630,5,Reclamo,1,37
1319,72,2,20250507,5,Cuenta nueva,0,24
1320,59,2,20250118,2,Inversiones,1,4
1321,3,2,20250128,5,Transferencias,1,40
1322,288,1,20250621,5,Otro,1,31
1323,73,1,20250121,1,Crédito,1,8
1324,33,1,20250629,5,Reclamo,0,4
1325,12,1,20250409,5,Reclamo,1,40
1326,436,4,20250305,3,Crédito,1,15
1327,454,2,20250121,4,Consulta saldo,1,33
1328,134,1,20250607,3,Transferencias,0,43
1329,294,1,20250614,5,Otro,1,32
1330,415,1,20250621,1,Cuenta nueva,1,7
1331,340,1,20250625,4,Cuenta nueva,0,45
1332,463,1,20250409,4,Otro,0,25
1333,131,1,20250610,4,Cuenta nueva,1,19
1334,275,2,20250421,4,Reclamo,1,34
1335,102,3,20250222,3,Inversiones,1,16
1336,220,1,20250630,4,Transferencias,0,33
1337,266,4,20250214,5,Cuenta nueva,1,3
1338,242,2,20250626,4,Consulta saldo,0,40
1339,210,1,20250308,5,Crédito,1,43
1340,221,1,20250310,5,Cuenta nueva,0,4
1341,164,3,20250301,5,Consulta saldo,1,4
1342,85,2,20250506,4,Consulta saldo,1,14
1343,389,4,20250306,5,Crédito,1,31
1344,73,4,20250408,4,Cuenta nueva,1,24
1345,288,4,20250621,1,Consulta saldo,1,10
1346,20,4,20250318,2,Transferencias,1,42
1347,95,4,20250110,1,Bloqueo tarjeta,1,23
1348,136,1,20250203,4,Crédito,0,33
1349,41,3,20250528,4,Bloqueo tarjeta,1,17
1350,445,2,20250612,3,Transferencias,1,13
1351,431,1,20250427,4,Reclamo,0,44
1352,254,3,20250304,4,Crédito,1,37
1353,489,1,20250622,4,Bloqueo tarjeta,1,29
1354,42,2,20250126,5,Crédito,1,7
1355,425,4,20250422,4,Cuenta nueva,1,45
1356,392,2,20250223,1,Reclamo,1,13
1357,127,1,20250528,4,Otro,1,8
1358,244,1,20250228,4,Cuenta nueva,0,12
1359,218,4,20250409,3,Consulta saldo,1,35
1360,201,4,20250117,5,Transferencias,1,41
1361,427,2,20250114,2,Reclamo,1,17
1362,382,1,20250520,2,Otro,0,21
1363,421,3,20250302,5,Transferencias,0,10
1364,347,3,20250623,4,Bloqueo tarjeta,0,15
1365,471,1,20250326,5,Consulta saldo,1,24
1366,75,1,20250122,3,Cuenta nueva,1,17
1367,75,1,20250410,5,Transferencias,0,17
1368,393,1,20250108,4,Cuenta nueva,1,31
1369,170,2,20250220,2,Inversiones,1,20
1370,436,1,20250609,2,Crédito,1,17
1371,408,2,20250429,3,Bloqueo tarjeta,0,45
1372,248,1,20250628,5,Otro,1,43
1373,300,1,20250111,3,Bloqueo tarjeta,0,31
1374,174,2,20250505,5,Bloqueo tarjeta,0,15
1375,351,1,20250217,4,Bloqueo tarjeta,0,34
1376,51,3,20250408,3,Crédito,1,6
1377,399,1,20250315,4,Otro,1,3
1378,250,2,20250305,5,Consulta saldo,1,20
1379,374,2,20250328,4,Bloqueo tarjeta,1,14
1380,415,1,20250109,2,Transferencias,1,43
1381,254,3,20250424,3,Consulta saldo,0,21
1382,162,4,20250612,3,Reclamo,1,27
1383,5,2,20250108,1,Crédito,1,45
1384,36,3,20250615,4,Transferencias,1,29
1385,125,1,20250517,2,Transferencias,1,6
1386,126,3,20250128,2,Inversiones,1,8
1387,121,1,20250510,1,Transferencias,1,17
1388,351,3,20250202,5,Bloqueo tarjeta,0,45
1389,211,1,20250417,5,Crédito,1,2
1390,45,2,20250218,5,Otro,0,26
1391,362,2,20250501,4,Inversiones,1,29
1392,67,1,20250406,1,Bloqueo tarjeta,1,8
1393,59,2,20250131,1,Reclamo,1,37
1394,344,3,20250328,5,Cuenta nueva,1,15
1395,57,2,20250401,2,Bloqueo tarjeta,1,43
1396,311,1,20250312,4,Otro,1,27
1397,96,2,20250311,2,Otro,1,7
1398,60,2,20250215,5,Reclamo,0,29
1399,380,1,20250219,2,Reclamo,0,26
1400,187,1,20250418,1,Otro,1,8
1401,383,3,20250218,4,Inversiones,0,4
1402,475,1,20250224,5,Inversiones,1,6
1403,91,3,20250310,5,Otro,1,15
1404,413,4,20250110,2,Otro,1,8
1405,192,1,20250610,5,Transferencias,1,16
1406,216,2,20250120,4,Crédito,0,28
1407,161,1,20250316,3,Reclamo,1,38
1408,12,2,20250419,4,Crédito,1,37
1409,250,1,20250201,4,Crédito,1,16
1410,500,1,20250627,4,Transferencias,0,11
1411,248,1,20250620,5,Consulta saldo,1,40
1412,26,1,20250209,5,Reclamo,0,45
1413,88,1,20250219,4,Transferencias,1,19
1414,275,2,20250404,1,Bloqueo tarjeta,1,39
1415,172,1,20250421,5,Otro,1,35
1416,146,3,20250609,4,Otro,1,5
1417,252,4,20250306,3,Bloqueo tarjeta,1,36
1418,265,1,20250426,4,Bloqueo tarjeta,1,36
1419,5,4,20250604,5,Reclamo,1,15
1420,362,3,20250626,5,Cuenta nueva,1,17
1421,306,1,20250114,2,Otro,0,25
1422,386,3,20250315,5,Reclamo,1,40
1423,288,2,20250320,4,Bloqueo tarjeta,1,15
1424,298,3,20250528,4,Consulta saldo,1,12
1425,422,1,20250602,3,Consulta saldo,1,29
1426,88,1,20250412,5,Bloqueo tarjeta,1,14
1427,40,1,20250430,5,Otro,1,35
1428,24,2,20250309,5,Inversiones,1,5
1429,384,3,20250216,4,Inversiones,1,23
1430,496,1,20250508,4,Crédito,1,39
1431,436,3,20250525,3,Inversiones,0,15
1432,398,1,20250521,5,Cuenta nueva,1,19
1433,166,2,20250127,5,Bloqueo tarjeta,1,18
1434,479,2,20250428,3,Bloqueo tarjeta,0,13
1435,357,2,20250607,1,Reclamo,1,40
1436,371,1,20250312,5,Inversiones,1,8
1437,125,1,20250313,2,Consulta saldo,0,32
1438,397,2,20250513,5,Consulta saldo,1,29
1439,297,1,20250622,5,Otro,1,19
1440,310,2,20250602,5,Transferencias,1,31
1441,334,3,20250421,3,Bloqueo tarjeta,1,34
1442,319,4,20250103,3,Otro,1,29
1443,246,2,20250401,3,Crédito,1,2
1444,88,1,20250630,3,Transferencias,1,19
1445,430,2,20250123,5,Crédito,0,5
1446,121,4,20250422,3,Reclamo,1,2
1447,159,2,20250129,5,Inversiones,1,20
1448,343,4,20250528,3,Consulta saldo,1,19
1449,358,3,20250226,4,Inversiones,1,24
1450,377,4,20250629,2,Reclamo,1,23
1451,146,1,20250409,5,Bloqueo tarjeta,1,24
1452,460,2,20250220,5,Crédito,1,22
1453,167,2,20250327,4,Bloqueo tarjeta,1,41
1454,441,4,20250117,3,Bloqueo tarjeta,1,6
1455,316,1,20250121,4,Inversiones,1,38
1456,124,1,20250506,5,Otro,1,26
1457,308,2,20250419,5,Transferencias,0,38
1458,292,1,20250308,4,Inversiones,1,6
1459,312,2,20250627,5,Consulta saldo,0,16
1460,77,1,20250305,5,Inversiones,1,29
1461,210,2,20250606,3,Crédito,1,21
1462,122,2,20250617,3,Inversiones,1,25
1463,224,4,20250131,4,Inversiones,1,34
1464,90,3,20250425,5,Inversiones,1,37
1465,284,4,20250213,5,Cuenta nueva,1,30
1466,296,1,20250307,5,Cuenta nueva,1,37
1467,192,4,20250629,5,Inversiones,0,32
1468,414,1,20250628,4,Reclamo,1,15
1469,208,1,20250320,5,Cuenta nueva,1,31
1470,20,2,20250126,3,Cuenta nueva,1,37
1471,146,2,20250531,5,Reclamo,1,35
1472,297,2,20250414,4,Inversiones,1,28
1473,329,2,20250604,5,Consulta saldo,0,29
1474,226,1,20250502,3,Bloqueo tarjeta,1,15
1475,478,3,20250509,5,Otro,1,27
1476,167,1,20250427,4,Consulta saldo,1,6
1477,352,2,20250524,5,Bloqueo tarjeta,1,44
1478,93,2,20250309,5,Crédito,1,15
1479,295,4,20250320,5,Cuenta nueva,1,19
1480,401,4,20250325,5,Reclamo,1,38
1481,423,1,20250216,1,Inversiones,0,37
1482,301,2,20250403,5,Transferencias,0,30
1483,170,4,20250110,5,Consulta saldo,0,45
1484,252,1,20250218,5,Reclamo,0,26
1485,211,4,20250317,2,Crédito,1,20
1486,287,3,20250508,4,Consulta saldo,1,14
1487,431,1,20250317,1,Bloqueo tarjeta,1,7
1488,171,2,20250215,4,Bloqueo tarjeta,0,41
1489,472,1,20250607,4,Cuenta nueva,1,33
1490,25,2,20250412,5,Crédito,1,28
1491,111,4,20250202,5,Inversiones,1,20
1492,400,2,20250221,4,Reclamo,0,17
1493,78,2,20250204,5,Crédito,1,30
1494,381,1,20250614,5,Consulta saldo,1,16
1495,183,2,20250129,3,Otro,1,29
1496,126,2,20250222,3,Reclamo,1,22
1497,284,2,20250602,5,Otro,0,18
1498,351,4,20250425,4,Inversiones,1,20
1499,435,1,20250523,4,Crédito,1,31
1500,386,3,20250329,1,Crédito,1,31
